0,Bird_Species_0
1,Bird_Species_1
2,Bird_Species_2
3,Bird_Species_3
4,Bird_Species_4
5,Bird_Species_5
6,Bird_Species_6
7,Bird_Species_7
8,Bird_Species_8
9,Bird_Species_9
10,Bird_Species_10
11,Bird_Species_11
12,Bird_Species_12
13,Bird_Species_13
14,Bird_Species_14
15,Bird_Species_15
16,Bird_Species_16
17,Bird_Species_17
18,Bird_Species_18
19,Bird_Species_19
20,Bird_Species_20
21,Bird_Species_21
22,Bird_Species_22
23,Bird_Species_23
24,Bird_Species_24
25,Bird_Species_25
26,Bird_Species_26
27,Bird_Species_27
28,Bird_Species_28
29,Bird_Species_29
30,Bird_Species_30
31,Bird_Species_31
32,Bird_Species_32
33,Bird_Species_33
34,Bird_Species_34
35,Bird_Species_35
36,Bird_Species_36
37,Bird_Species_37
38,Bird_Species_38
39,Bird_Species_39
40,Bird_Species_40
41,Bird_Species_41
42,Bird_Species_42
43,Bird_Species_43
44,Bird_Species_44
45,Bird_Species_45
46,Bird_Species_46
47,Bird_Species_47
48,Bird_Species_48
49,Bird_Species_49
50,Bird_Species_50
51,Bird_Species_51
52,Bird_Species_52
53,Bird_Species_53
54,Bird_Species_54
55,Bird_Species_55
56,Bird_Species_56
57,Bird_Species_57
58,Bird_Species_58
59,Bird_Species_59
60,Bird_Species_60
61,Bird_Species_61
62,Bird_Species_62
63,Bird_Species_63
64,Bird_Species_64
65,Bird_Species_65
66,Bird_Species_66
67,Bird_Species_67
68,Bird_Species_68
69,Bird_Species_69
70,Bird_Species_70
71,Bird_Species_71
72,Bird_Species_72
73,Bird_Species_73
74,Bird_Species_74
75,Bird_Species_75
76,Bird_Species_76
77,Bird_Species_77
78,Bird_Species_78
79,Bird_Species_79
80,Bird_Species_80
81,Bird_Species_81
82,Bird_Species_82
83,Bird_Species_83
84,Bird_Species_84
85,Bird_Species_85
86,Bird_Species_86
87,Bird_Species_87
88,Bird_Species_88
89,Bird_Species_89
90,Bird_Species_90
91,Bird_Species_91
92,Bird_Species_92
93,Bird_Species_93
94,Bird_Species_94
95,Bird_Species_95
96,Bird_Species_96
97,Bird_Species_97
98,Bird_Species_98
99,Bird_Species_99
100,Bird_Species_100
101,Bird_Species_101
102,Bird_Species_102
103,Bird_Species_103
104,Bird_Species_104
105,Bird_Species_105
106,Bird_Species_106
107,Bird_Species_107
108,Bird_Species_108
109,Bird_Species_109
110,Bird_Species_110
111,Bird_Species_111
112,Bird_Species_112
113,Bird_Species_113
114,Bird_Species_114
115,Bird_Species_115
116,Bird_Species_116
117,Bird_Species_117
118,Bird_Species_118
119,Bird_Species_119
120,Bird_Species_120
121,Bird_Species_121
122,Bird_Species_122
123,Bird_Species_123
124,Bird_Species_124
125,Bird_Species_125
126,Bird_Species_126
127,Bird_Species_127
128,Bird_Species_128
129,Bird_Species_129
130,Bird_Species_130
131,Bird_Species_131
132,Bird_Species_132
133,Bird_Species_133
134,Bird_Species_134
135,Bird_Species_135
136,Bird_Species_136
137,Bird_Species_137
138,Bird_Species_138
139,Bird_Species_139
140,Bird_Species_140
141,Bird_Species_141
142,Bird_Species_142
143,Bird_Species_143
144,Bird_Species_144
145,Bird_Species_145
146,Bird_Species_146
147,Bird_Species_147
148,Bird_Species_148
149,Bird_Species_149
150,Bird_Species_150
151,Bird_Species_151
152,Bird_Species_152
153,Bird_Species_153
154,Bird_Species_154
155,Bird_Species_155
156,Bird_Species_156
157,Bird_Species_157
158,Bird_Species_158
159,Bird_Species_159
160,Bird_Species_160
161,Bird_Species_161
162,Bird_Species_162
163,Bird_Species_163
164,Bird_Species_164
165,Bird_Species_165
166,Bird_Species_166
167,Bird_Species_167
168,Bird_Species_168
169,Bird_Species_169
170,Bird_Species_170
171,Bird_Species_171
172,Bird_Species_172
173,Bird_Species_173
174,Bird_Species_174
175,Bird_Species_175
176,Bird_Species_176
177,Bird_Species_177
178,Bird_Species_178
179,Bird_Species_179
180,Bird_Species_180
181,Bird_Species_181
182,Bird_Species_182
183,Bird_Species_183
184,Bird_Species_184
185,Bird_Species_185
186,Bird_Species_186
187,Bird_Species_187
188,Bird_Species_188
189,Bird_Species_189
190,Bird_Species_190
191,Bird_Species_191
192,Bird_Species_192
193,Bird_Species_193
194,Bird_Species_194
195,Bird_Species_195
196,Bird_Species_196
197,Bird_Species_197
198,Bird_Species_198
199,Bird_Species_199